1,Krishnah,Lipscomb,klipscomb0@de.vu,M,76
2,Sara-ann,Midden,smidden1@cocolog-nifty.com,F,75
3,Gothart,Sothcott,gsothcott2@yahoo.com,M,36
4,Clareta,Senchenko,csenchenko3@dedecms.com,F,20
5,Em,Buggs,ebuggs4@buzzfeed.com,F,33
6,Jenn,Chaucer,jchaucer5@hhs.gov,F,37
7,Valentijn,Beagen,vbeagen6@hubpages.com,M,25
8,Gilbert,Flooks,gflooks7@ihg.com,M,59
9,Lucilia,Tointon,ltointon8@sciencedaily.com,F,61
10,Ximenes,Hosier,xhosier9@google.com.au,M,46
11,Peter,Renehan,prenehana@hibu.com,M,20
12,Matthiew,Sannes,msannesb@scribd.com,M,38
13,Brenda,Duckworth,bduckworthc@soup.io,F,27
14,Bucky,Laba,blabad@census.gov,M,73
15,Franny,Purslow,fpurslowe@java.com,M,46
16,Otto,Reith,oreithf@free.fr,M,35
17,Monti,Barcke,mbarckeg@state.gov,M,45
18,Chadd,Rossbrooke,crossbrookeh@live.com,M,41
19,Farrah,McGreay,fmcgreayi@usa.gov,F,59
20,Porter,Goudman,pgoudmanj@constantcontact.com,M,49
21,Delores,Meininger,dmeiningerk@cpanel.net,F,29
22,Kerri,Kensy,kkensyl@newsvine.com,F,71
23,Wendy,Scardefield,wscardefieldm@smugmug.com,F,22
24,Sammy,Maggs,smaggsn@prnewswire.com,F,25
25,Gert,McChruiter,gmcchruitero@naver.com,F,19
26,Gar,Ambrogiotti,gambrogiottip@zdnet.com,M,76
27,Delmar,Maingot,dmaingotq@eventbrite.com,M,55
28,Anthony,Omand,aomandr@berkeley.edu,M,53
29,Albertina,Iozefovich,aiozefovichs@so-net.ne.jp,F,62
30,Everard,Dennitts,edennittst@msu.edu,M,20
31,Manda,Vanyushin,mvanyushinu@storify.com,F,41
32,Filberte,Balasin,fbalasinv@toplist.cz,M,72
33,Lotty,Bulled,lbulledw@mac.com,F,48
34,Rouvin,Kirke,rkirkex@accuweather.com,M,50
35,Packston,Lyddyard,plyddyardy@skyrock.com,M,75
36,Perice,Maddicks,pmaddicksz@cyberchimps.com,M,31
37,Janos,Greenway,jgreenway10@opera.com,M,57
38,Isis,Pollett,ipollett11@ucla.edu,F,39
39,Earvin,Langland,elangland12@toplist.cz,M,56
40,Doralyn,Masterman,dmasterman13@unblog.fr,F,55
41,Arley,Carter,acarter14@uol.com.br,M,63
42,Aprilette,Elgy,aelgy15@nyu.edu,F,52
43,Auberon,Sillett,asillett16@timesonline.co.uk,M,60
44,Neils,Gritton,ngritton17@businessweek.com,M,76
45,Creight,Pennells,cpennells18@virginia.edu,M,65
46,Kelly,Buckeridge,kbuckeridge19@latimes.com,M,75
47,Land,Gemlbett,lgemlbett1a@ox.ac.uk,M,52
48,Tiffany,O'Feeny,tofeeny1b@bizjournals.com,F,56
49,Artur,Rubertis,arubertis1c@army.mil,M,51
50,Elle,Beart,ebeart1d@gizmodo.com,F,43
